FaNa;ChiNa
азерб;рус
азерб;рус
азерб;рус
азерб;рус
азерб;рус
азерб;рус
азерб;рус
азерб;рус
азерб;рус
азерб;азерб
азерб;азерб
азерб;азерб
азерб;азерб
азерб;азерб
азерб;азерб
азерб;азерб
азерб;азерб
азерб;азерб
азерб;азерб
азерб;азерб
азерб;азерб
азерб;азерб
азерб;азерб
азерб;азерб
азерб;азерб
азерб;азерб
азерб;азерб
азерб;азерб
азерб;азерб
азерб;азерб
азерб;азерб
азерб;азерб
азерб;азерб
азерб;азерб
азерб;азерб
азерб;азерб
азерб;азерб
азерб;азерб
азерб;азерб
азерб;азерб
азерб;азерб
азерб;азерб
азерб;азерб
азерб;азерб
азерб;азерб
азерб;азерб
азерб;азерб
азерб;азерб
азерб;азерб
азерб;азерб
азерб;азерб
азерб;азерб
азерб;азерб
азерб;азерб
азерб;азерб
азерб;азерб
азерб;азерб
азерб;азерб
азерб;азерб
азерб;азерб
азерб;азерб
азерб;азерб
азерб;азерб
азерб;азерб
азерб;азерб
азерб;азерб
азерб;азерб
азерб;азерб
азерб;азерб
азерб;азерб
азерб;азерб
азерб;азерб
азерб;азерб
азерб;азерб
азерб;азерб
азерб;азерб
азерб;азерб
азерб;азерб
азерб;азерб
азерб;азерб
азерб;азерб
азерб;азерб
азерб;азерб
азерб;азерб
азерб;азерб
азерб;азерб
азерб;азерб
азерб;азерб
азерб;азерб
азерб;азерб
азерб;азерб
азерб;азерб
азерб;азерб
азерб;азерб
азерб;азерб
арм;рус
арм;рус
арм;рус
арм;рус
арм;рус
арм;рус
арм;рус
арм;рус
арм;рус
арм;рус
арм;рус
арм;рус
арм;рус
арм;рус
арм;рус
арм;рус
арм;рус
арм;рус
арм;рус
арм;арм-рус
арм;арм-рус
арм;арм-рус
арм;арм-рус
арм;арм-рус
арм;арм
арм;арм
арм;арм
арм;арм
арм;арм
арм;арм
арм;арм
арм;арм
арм;арм
арм;арм
арм;арм
арм;арм
арм;арм
арм;арм
арм;арм
арм;арм
арм;арм
арм;арм
арм;арм
арм;арм
арм;арм
арм;арм
арм;арм
арм;арм
арм;арм
арм;арм
арм;арм
арм;арм
арм;арм
арм;арм
арм;арм
арм;арм
арм;арм
арм;арм
арм;арм
арм;арм
арм;арм
арм;арм
арм;арм
арм;арм
арм;арм
арм;арм
арм;арм
арм;арм
арм;арм
арм;арм
арм;арм
арм;арм
арм;арм
арм;арм
арм;арм
арм;арм
арм;арм
арм;арм
арм;арм
арм;арм
арм;арм
арм;арм
арм;арм
арм;арм
арм;арм
арм;арм
арм;арм
арм;арм
арм;арм
арм;арм
арм;арм
арм;арм
арм;арм
арм;арм
арм;арм
арм;арм
арм;арм
арм;арм
арм;арм
арм;арм
арм;арм
арм;арм
арм;арм
арм;арм
арм;арм
арм;арм
арм;арм
арм;арм
арм;арм
арм;арм
арм;арм
арм;арм
арм;арм
арм;арм
арм;арм
арм;арм
арм;арм
арм;арм
арм;арм
арм;арм
арм;арм
арм;арм
арм;арм
арм;арм
арм;арм
арм;арм
арм;арм
арм;арм
арм;арм
арм;арм
арм;арм
арм;арм
арм;арм
арм;арм
арм;арм
арм;арм
арм;арм
арм;арм
арм;арм
арм;арм
арм;арм
арм;арм
арм;арм
арм;арм
арм;арм
арм;арм
арм;арм
арм;арм
арм;арм
арм;арм
арм;арм
арм;арм
арм;арм
арм;арм
арм;арм
арм;арм
арм;арм
арм;арм
арм;арм
арм;арм
арм;арм
арм;арм
арм;арм
арм;арм
арм;арм
арм;арм
арм;арм
арм;арм
арм;арм
арм;арм
арм;арм
арм;арм
арм;арм
арм;арм
арм;арм
афг;афг
афг;афг
афг;афг
афг;афг
афг;афг
афг;афг
афг;афг
афг;афг
афг;афг
афг;афг
афг;афг
афг;афг
вьетнам;вьетнам
вьетнам;вьетнам
вьетнам;вьетнам
вьетнам;вьетнам
вьетнам;вьетнам
вьетнам;вьетнам
вьетнам;вьетнам
вьетнам;вьетнам
вьетнам;вьетнам
гагауз;гагауз
гагауз;гагауз
гагауз;гагауз
гагауз;гагауз
гагауз;гагауз
гагауз;гагауз
груз;груз
груз;груз
груз;груз
груз;груз
груз;груз
даг;даг
даг;даг
даг;даг
даг;даг
даг;даг
даг;даг
евр;евр
евр;евр
евр;евр
евр;евр
евр;евр
евр;евр
евр;евр
евр;евр
евр;евр
евр;евр
евр;евр
евр;евр
евр;евр
евр;евр
евр;евр
евр;евр
евр;евр
евр;евр
евр;евр
евр;евр
евр;евр
евр;евр
езид;езид
езид;езид
езид;езид
езид;езид
езид;езид
езид;езид
езид;езид
езид;езид
езид;езид
кабард;кабард
кабард;кабард
кабард;кабард
кабард;кабард
кабард;кабард
кабард;кабард
кабард;кабард
кабард;кабард
кирг;кирг
кирг;кирг
кирг;кирг
кирг;кирг
кирг;кирг
кирг;кирг
кирг;кирг
кирг;кирг
кирг;кирг
кирг;кирг
кирг;кирг
кирг;кирг
кирг;кирг
кирг;кирг
кирг;кирг
кирг;кирг
кирг;кирг
кирг;кирг
кирг;кирг
кирг;кирг
кирг;кирг
лезг;лезг
лезг;лезг
лезг;лезг
лезг;лезг
лезг;лезг
молд;рус
молд;рус
молд;рус
молд;рус
молд;рус
молд;рус
молд;рус
молд;рус
рус;рус
рус;рус
рус;рус
рус;рус
рус;рус
рус;рус
рус;рус
рус;рус
рус;рус
рус;рус
рус;рус
рус;рус
рус;рус
рус;рус
рус;рус
рус;рус
рус;рус
рус;рус
рус;рус
рус;рус
рус;рус
рус;рус
рус;рус
рус;рус
рус;рус
рус;рус
рус;рус
рус;рус
рус;рус
рус;рус
рус;рус
рус;рус
рус;рус
рус;рус
рус;рус
рус;рус
рус;рус
рус;рус
рус;рус
рус;рус
рус;рус
рус;рус
рус;рус
рус;рус
рус;рус
рус;рус
рус;рус
рус;рус
рус;рус
рус;рус
рус;рус
рус;рус
рус;рус
рус;рус
рус;рус
рус;рус
рус;рус
рус;рус
рус;рус
рус;рус
рус;рус
рус;рус
рус;рус
рус;рус
рус;рус
рус;рус
рус;рус
рус;рус
рус;рус
рус;рус
рус;рус
рус;рус
рус;рус
рус;рус
рус;рус
рус;рус
рус;рус
рус;рус
рус;рус
рус;рус
рус;рус
рус;рус
рус;рус
рус;рус
рус;рус
рус;рус
рус;рус
рус;рус
рус;рус
рус;рус
рус;рус
рус;рус
рус;рус
рус;рус
рус;рус
рус;рус
рус;рус
рус;рус
рус;рус
рус;рус
рус;рус
рус;рус
рус;рус
рус;рус
рус;рус
рус;рус
рус;рус
рус;рус
рус;рус
рус;рус
рус;рус
рус;рус
рус;рус
рус;рус
рус;рус
рус;рус
рус;рус
рус;рус
рус;рус
рус;рус
рус;рус
рус;рус
рус;рус
рус;рус
рус;рус
рус;рус
рус;рус
рус;рус
рус;рус
рус;рус
рус;рус
рус;рус
рус;рус
рус;рус
рус;рус
рус;рус
рус;рус
рус;рус
рус;рус
рус;рус
рус;рус
рус;рус
рус;рус
рус;рус
рус;рус
рус;рус
рус;рус
рус;рус
рус;рус
рус;рус
рус;рус
рус;рус
рус;рус
рус;рус
рус;рус
рус;рус
рус;рус
рус;рус
рус;рус
рус;рус
рус;рус
рус;рус
рус;рус
рус;рус
рус;рус
рус;рус
рус;рус
рус;рус
рус;рус
рус;рус
рус;рус
рус;рус
рус;рус
рус;рус
рус;рус
рус;рус
рус;рус
рус;рус
рус;рус
рус;рус
рус;рус
рус;рус
рус;рус
рус;рус
рус;рус
рус;рус
рус;рус
рус;рус
рус;рус
рус;рус
рус;рус
рус;рус
рус;рус
рус;рус
рус;рус
рус;рус
рус;рус
рус;рус
рус;рус
рус;рус
рус;рус
рус;рус
рус;рус
рус;рус
рус;рус
рус;рус
рус;рус
рус;рус
рус;рус
рус;рус
рус;рус
рус;рус
рус;рус
рус;рус
рус;рус
рус;рус
рус;рус
рус;рус
рус;рус
рус;рус
рус;рус
рус;рус
рус;рус
рус;рус
рус;рус
рус;рус
рус;рус
рус;рус
рус;рус
рус;рус
рус;рус
рус;рус
рус;рус
рус;рус
рус;рус
рус;рус
рус;рус
рус;рус
рус;рус
рус;рус
рус;рус
рус;рус
рус;рус
рус;рус
рус;рус
рус;рус
рус;рус
рус;рус
рус;рус
рус;рус
рус;рус
рус;рус
рус;рус
рус;рус
рус;рус
рус;рус
рус;рус
рус;рус
рус;рус
рус;рус
рус;рус
рус;рус
рус;рус
рус;рус
рус;рус
рус;рус
рус;рус
рус;рус
рус;рус
рус;рус
рус;рус
рус;рус
рус;рус
рус;рус
рус;рус
рус;рус
рус;рус
рус;рус
рус;рус
рус;рус
рус;рус
рус;рус
рус;рус
рус;рус
рус;рус
рус;рус
рус;рус
рус;рус
рус;рус
рус;рус
рус;рус
рус;рус
рус;рус
рус;рус
рус;рус
рус;рус
рус;рус
рус;рус
рус;рус
рус;рус
рус;рус
рус;рус
рус;рус
рус;рус
рус;рус
рус;рус
рус;рус
рус;рус
рус;рус
рус;рус
рус;рус
рус;рус
рус;рус
рус;рус
рус;рус
рус;рус
рус;рус
рус;рус
рус;рус
рус;рус
рус;рус
рус;рус
рус;рус
рус;рус
рус;рус
рус;рус
рус;рус
рус;рус
рус;рус
рус;рус
рус;рус
рус;рус
рус;рус
рус;рус
рус;рус
рус;рус
рус;рус
рус;рус
рус;рус
рус;рус
рус;рус
рус;рус
рус;рус
рус;рус
рус;рус
рус;рус
рус;рус
рус;рус
рус;рус
рус;рус
рус;рус
рус;рус
рус;рус
рус;рус
рус;рус
рус;рус
рус;рус
рус;рус
рус;рус
рус;рус
рус;рус
рус;рус
рус;рус
рус;рус
рус;рус
рус;рус
рус;рус
рус;рус
рус;рус
рус;рус
рус;рус
рус;рус
рус;рус
рус;рус
рус;рус
рус;рус
рус;рус
рус;рус
рус;рус
рус;рус
рус;рус
рус;рус
рус;рус
рус;рус
рус;рус
рус;рус
рус;рус
рус;рус
рус;рус
рус;рус
рус;рус
рус;рус
рус;рус
рус;рус
рус;рус
рус;рус
рус;рус
рус;рус
рус;рус
рус;рус
рус;рус
рус;рус
рус;рус
рус;рус
рус;рус
рус;рус
рус;рус
рус;рус
рус;рус
рус;рус
рус;рус
рус;рус
рус;рус
рус;рус
рус;рус
рус;рус
рус;рус
рус;рус
рус;рус
рус;рус
рус;рус
рус;рус
рус;рус
рус;рус
рус;рус
рус;рус
рус;рус
рус;рус
рус;рус
рус;рус
рус;рус
рус;рус
рус;рус
рус;рус
рус;рус
рус;рус
рус;рус
рус;рус
рус;рус
рус;рус
рус;рус
рус;рус
рус;рус
рус;рус
рус;рус
рус;рус
рус;рус
рус;рус
рус;рус
рус;рус
рус;рус
рус;рус
рус;рус
рус;рус
рус;рус
рус;рус
рус;рус
рус;рус
рус;рус
рус;рус
рус;рус
рус;рус
рус;рус
рус;рус
рус;рус
рус;рус
рус;рус
рус;рус
рус;рус
рус;рус
рус;рус
рус;рус
рус;рус
рус;рус
рус;рус
рус;рус
рус;рус
рус;рус
рус;рус
рус;рус
рус;рус
рус;рус
рус;рус
рус;рус
рус;рус
рус;рус
рус;рус
рус;рус
рус;рус
рус;рус
рус;рус
рус;рус
рус;рус
рус;рус
рус;рус
рус;рус
рус;рус
рус;рус
рус;рус
рус;рус
рус;рус
рус;рус
рус;рус
рус;рус
рус;рус
рус;рус
рус;рус
рус;рус
рус;рус
рус;рус
рус;рус
рус;рус
рус;рус
рус;рус
рус;рус
рус;рус
рус;рус
рус;рус
рус;рус
рус;рус
рус;рус
рус;рус
рус;рус
рус;рус
рус;рус
рус;рус
рус;рус
рус;рус
рус;рус
рус;рус
рус;рус
рус;рус
рус;рус
рус;рус
рус;рус
рус;рус
рус;рус
рус;рус
рус;рус
рус;рус
рус;рус
рус;рус
рус;рус
рус;рус
рус;рус
рус;рус
рус;рус
рус;рус
рус;рус
рус;рус
рус;рус
рус;рус
рус;рус
рус;рус
рус;рус
рус;рус
рус;рус
рус;рус
рус;рус
рус;рус
рус;рус
рус;рус
рус;рус
рус;рус
рус;рус
рус;рус
рус;рус
рус;рус
рус;рус
рус;рус
рус;рус
рус;рус
рус;рус
рус;рус
рус;рус
рус;рус
рус;рус
рус;рус
рус;рус
рус;рус
рус;рус
рус;рус
рус;рус
рус;рус
рус;рус
рус;рус
рус;рус
рус;рус
рус;рус
рус;рус
рус;рус
рус;рус
рус;рус
рус;рус
рус;рус
рус;рус
рус;рус
рус;рус
рус;рус
рус;рус
рус;рус
рус;рус
рус;рус
рус;рус
рус;рус
рус;рус
рус;рус
рус;рус
рус;рус
рус;рус
рус;рус
рус;рус
рус;рус
рус;рус
рус;рус
рус;рус
рус;рус
рус;рус
рус;рус
рус;рус
рус;рус
рус;рус
рус;рус
рус;рус
рус;рус
рус;рус
рус;рус
рус;рус
рус;рус
рус;рус
рус;рус
рус;рус
рус;рус
рус;рус
рус;рус
рус;рус
рус;рус
рус;рус
рус;рус
рус;рус
рус;рус
рус;рус
рус;рус
рус;рус
рус;рус
рус;рус
рус;рус
рус;рус
рус;рус
рус;рус
рус;рус
рус;рус
рус;рус
рус;рус
рус;рус
рус;рус
рус;рус
рус;рус
рус;рус
рус;рус
рус;рус
рус;рус
рус;рус
рус;рус
рус;рус
рус;рус
рус;рус
рус;рус
рус;рус
рус;рус
рус;рус
рус;рус
рус;рус
рус;рус
рус;рус
рус;рус
рус;рус
рус;рус
рус;рус
рус;рус
рус;рус
рус;рус
рус;рус
рус;рус
рус;рус
рус;рус
рус;рус
рус;рус
рус;рус
рус;рус
рус;рус
рус;рус
рус;рус
рус;рус
рус;рус
рус;рус
рус;рус
рус;рус
рус;рус
рус;рус
рус;рус
рус;рус
рус;рус
рус;рус
рус;рус
рус;рус
рус;рус
рус;рус
рус;рус
рус;рус
рус;рус
рус;рус
рус;рус
рус;рус
рус;рус
рус;рус
рус;рус
рус;рус
рус;рус
рус;рус
рус;рус
рус;рус
рус;рус
рус;рус
рус;рус
рус;рус
рус;рус
рус;рус
рус;рус
рус;рус
рус;рус
рус;рус
рус;рус
рус;рус
рус;рус
рус;рус
рус;рус
рус;рус
рус;рус
рус;рус
рус;рус
рус;рус
рус;рус
рус;рус
рус;рус
рус;рус
рус;рус
рус;рус
рус;рус
рус;рус
рус;рус
рус;рус
рус;рус
рус;рус
рус;рус
рус;рус
рус;рус
рус;рус
рус;рус
рус;рус
рус;рус
рус;рус
рус;рус
рус;рус
рус;рус
рус;рус
рус;рус
рус;рус
рус;рус
рус;рус
рус;рус
рус;рус
рус;рус
рус;рус
рус;рус
рус;рус
рус;рус
рус;рус
рус;рус
рус;рус
рус;рус
рус;рус
рус;рус
рус;рус
рус;рус
рус;рус
рус;рус
рус;рус
рус;рус
рус;рус
рус;рус
рус;рус
рус;рус
рус;рус
рус;рус
рус;рус
рус;рус
рус;рус
рус;рус
рус;рус
рус;рус
тадж;тадж
тадж;тадж
тадж;тадж
тадж;тадж
тадж;тадж
тадж;тадж
тадж;тадж
тадж;тадж
тадж;тадж
тадж;тадж
тадж;тадж
тадж;тадж
тадж;тадж
тадж;тадж
тадж;тадж
тадж;тадж
тадж;тадж
тадж;тадж
тадж;тадж
тадж;тадж
тадж;тадж
тадж;тадж
тадж;тадж
тадж;тадж
тадж;тадж
тадж;тадж
тадж;тадж
тадж;тадж
тадж;тадж
тадж;тадж
тадж;тадж
тадж;тадж
тадж;тадж
тадж;тадж
тадж;тадж
тадж;тадж
тадж;тадж
тадж;тадж
тадж;тадж
тадж;тадж
тадж;тадж
тадж;тадж
тадж;тадж
тадж;тадж
тадж;рус
тадж;рус
тадж;рус
тадж;рус
тадж;рус
тадж;рус
татар;татар
татар;татар
татар;татар
татар;татар
татар;татар
татар;татар
татар;татар
татар;татар
татар;татар
татар;татар
татар;татар
татар;татар
татар;татар
татар;татар
татар;татар
татар;татар
татар;татар
татар;татар
татар;татар
татар;татар
татар;татар
татар;татар
татар;татар
татар;татар
татар;татар
татар;рус
татар;рус
татар;рус
татар;рус
татар;рус
татар;рус
узб;узб
узб;узб
узб;узб
узб;узб
узб;узб
узб;узб
узб;узб
узб;узб
узб;узб
узб;узб
узб;узб
узб;узб
узб;узб
узб;узб
узб;узб
узб;узб
узб;узб
узб;узб
узб;узб
узб;узб
узб;узб
узб;узб
узб;узб
узб;узб
узб;узб
узб;узб
узб;узб
узб;узб
узб;узб
узб;узб
узб;узб
узб;узб
узб;узб
узб;узб
узб;узб
узб;узб
узб;узб
узб;узб
узб;узб
укр;укр
укр;укр
укр;укр
укр;укр
укр;укр
укр;укр
укр;укр
укр;укр
укр;укр
укр;укр
укр;укр
укр;укр
укр;укр
укр;укр
укр;укр
укр;укр
укр;укр
укр;укр
укр;укр
укр;укр
укр;укр
укр;укр
укр;укр
укр;укр
укр;рус
укр;рус
укр;рус
укр;рус
укр;рус
укр;рус
укр;рус
укр;рус
укр;рус
укр;рус
укр;рус
укр;рус
укр;рус
укр;рус
укр;рус
укр;рус
укр;рус
укр;рус
укр;рус
укр;рус
укр;рус
укр;рус
укр;рус
укр;рус
укр;рус
укр;рус
укр;рус
укр;рус
укр;рус
укр;рус
укр;рус
укр;рус
укр;рус
укр;рус
укр;рус
чечен;чечен
чечен;чечен
чечен;чечен
чечен;чечен
чечен;чечен
чечен;чечен
чуваш;чуваш
чуваш;чуваш
чуваш;чуваш
чуваш;чуваш
чуваш;чуваш
чуваш;чуваш
